<?xml version="1.0" encoding="UTF-8"?>
<metadata xmlns:xsi="http://www.w3.org/2001/XMLSchema-instance" xsi:noNamespaceSchemaLocation="http://water.usgs.gov/GIS/metadata/usgswrd/fgdc-std-001-1998.xsd">http://water.usgs.gov/lookup/getspatial?physio
	<idinfo>
		<citation>
			<citeinfo>
				<origin>Fenneman, N.M., and Johnson, D.W.</origin>
				<pubdate>1946</pubdate>
				<title Sync="TRUE">physio</title>
				<geoform Sync="TRUE">vector digital data</geoform>
				<pubinfo>
					<pubplace>Washington, DC</pubplace>
					<publish>USGS</publish>
				</pubinfo>
				<ftname Sync="TRUE">physio</ftname><onlink Sync="TRUE">\\Igsacnewgs11\GISDATA1\physiography\physio</onlink></citeinfo>
		</citation>
		<descript>
			<abstract>This is a polygon coverage of Physiographic Divisions in the
conterminous United States. It was automated from Fenneman's
1:7,000,000-scale map, "Physical Divisions of the United
States," which is based on eight major divisions, 25 provinces,
and 86 sections representing distinctive areas having common
topography, rock types and structure, and geologic and
geomorphic history.
			</abstract>
			<purpose>The primary use of this data is for regional and national
data display rather than specific local data analysis due to the
small scale (1:7,000,000) of this coverage.
			</purpose>
			<langdata Sync="TRUE">en</langdata></descript>
		<timeperd>
			<timeinfo>
				<sngdate>
					<caldate>19460101</caldate>
				</sngdate>
			</timeinfo>
			<current>Publication date of source material.</current>
		</timeperd>
		<status>
			<progress>Complete</progress>
			<update>None</update>
		</status>
		<spdom>
			<bounding>
				<westbc Sync="TRUE">-127.871038</westbc>
				<eastbc Sync="TRUE">-65.357158</eastbc>
				<northbc Sync="TRUE">51.601682</northbc>
				<southbc Sync="TRUE">22.904630</southbc>
			</bounding>
			<lboundng><leftbc Sync="TRUE">-2354935.500000</leftbc><rightbc Sync="TRUE">2257439.000000</rightbc><bottombc Sync="TRUE">272646.531250</bottombc><topbc Sync="TRUE">3172231.500000</topbc></lboundng></spdom>
		<keywords>
			<theme>
				<themekt>None</themekt>
				<themekey>Physiography</themekey>
				<themekey>inlandWaters</themekey>
			</theme>
			<theme>
				<themekt>None</themekt>
				<themekey>Physiographic Divisions</themekey>
				<themekey>Physiographic Provinces</themekey>
				<themekey>Physiographic Sections</themekey>
				<themekey>inlandWaters</themekey>
			</theme>
			<place>
				<placekt>None</placekt>
				<placekey>Conterminous United States</placekey>
			</place>
			<stratum>
				<stratkt>None</stratkt>
				<stratkey>None</stratkey>
			</stratum>
			<temporal>
				<tempkt>None</tempkt>
				<tempkey>None</tempkey>
			</temporal>
		</keywords>
		<accconst>None</accconst>
		<useconst>The scale of the data (1:7,000,000) limits its use to broad overviews
of physiographic divisions.
		</useconst>
		<ptcontac>
			<cntinfo>
				<cntperp>
					<cntper>Kerie J. Hitt</cntper>
					<cntorg>U.S. Geological Survey</cntorg>
				</cntperp>
				<cntaddr>
					<addrtype>mailing address</addrtype>
					<address>12201 Sunrise Valley Drive, MS-413</address>
					<city>Reston</city>
					<state>VA</state>
					<postal>20192</postal>
					<country>USA</country>
				</cntaddr>
				<cntvoice>1-888-275-8747</cntvoice>
				<cntfax>703-648-6693</cntfax>
				<cntemail>kjhitt@usgs.gov</cntemail>
				<hours>9:00am-5:30pm EST</hours>
				<cntinst>Please contact through email</cntinst>
			</cntinfo>
		</ptcontac>
		<browse>
			<browsen>http://water.usgs.gov/GIS/browse/physio.gif</browsen>
			<browsed>Illlustration of data set</browsed>
			<browset>GIF</browset>
		</browse>
		<secinfo>
			<secsys>None</secsys>
			<secclass>UNCLASSIFIED</secclass>
			<sechandl>None</sechandl>
		</secinfo>
		<native Sync="TRUE">Microsoft Windows XP Version 5.1 (Build 2600) Service Pack 2; ESRI ArcCatalog 9.1.0.780</native>
		<crossref>
			<citeinfo>
				<origin>Fenneman, Nevin M., and Johnson, Douglas W.</origin>
				<pubdate>1946</pubdate>
				<title>Physical divisions of the United States</title>
				<geoform>Map</geoform>
				<serinfo>
					<sername>USGS special map</sername>
					<issue>USGS special map</issue>
				</serinfo>
				<pubinfo>
					<pubplace>Washington, DC</pubplace>
					<publish>USGS</publish>
				</pubinfo>
				<onlink>&lt;URL:http://water.usgs.gov/lookup/getspatial?physio</onlink>
			</citeinfo>
		</crossref>
		<natvform Sync="TRUE">ArcInfo Coverage</natvform></idinfo>
	<dataqual>
		<attracc>
			<attraccr>Polygon topology present.</attraccr>
		</attracc>
		<logic>Polygon and chain-node topology present.</logic>
		<complete>None</complete>
		<posacc>
			<horizpa>
				<horizpar>None.</horizpar>
				<qhorizpa>
					<horizpav>3556 meters</horizpav>
					<horizpae>Resolution as reported</horizpae>
				</qhorizpa>
			</horizpa>
			<vertacc>
				<vertaccr>None</vertaccr>
			</vertacc>
		</posacc>
		<lineage>
			<procstep>
				<procdesc>This coverage was automated from Fenneman's 1:7,000,000-scale
map, "Physical Divisions of the United States," 1946. Features
were digitized from a stable mylar base into the United States
boundary coverage.  Since the map is in polyconic projection,
and the U.S. boundary coverage was in Albers Equal Area
Projection, the U.S. boundary coverage was first projected
into polyconic projection before digitizing.

Once digitizing was complete, the coverage was projected back
into Albers Equal Area Projection, with the following
parameters:

&gt;First parallel                    29 30 00 N
&gt;Second parallel                   45 30 00 N
&gt;Central meridian                 -96 00 00 W
&gt;Latitude of projection origin     23 00 00 N
&gt;False easting                            0.0
&gt;False northing                           0.0

Fennemans map is missing three boundaries separating:

1. 5a/5b (which separates the Northern and Southern sections
of Blue Ridge)

2. 6a/6b (which separates Tennessee and Middle sections of
Ridge and Valley)

3. 24b/24c (which separates Olympic Mountains and Oregon Coast
Range of the Pacific Border province)

These boundaries were researched, then merged into the
coverage.
				</procdesc>
				<procdate>198812</procdate>
			</procstep>
			<procstep>
				<procdesc>Added attributes DIVISION, PROVINCE and SECTION to the
polygon attribute table.
				</procdesc>
				<procdate>19920113</procdate>
			</procstep>
			<procstep>
				<procdesc>A user reported that section 23c, Southern Cascade Mountain
Section was missing.  Added boundary between Middle Cascade
Mountain section (23b) and Southern Cascade Mountain Section
(23c).  Added label for Southern Cascade Mountain Section.
Added annotation for 23c, Southern Cascade Mountain Section.
				</procdesc>
				<procdate>20020103</procdate>
			</procstep>
			<procstep><procdesc Sync="TRUE">Metadata imported.</procdesc><srcused Sync="TRUE">T:\physiography\physio.xml</srcused><date Sync="TRUE">20070702</date><time Sync="TRUE">16295000</time></procstep></lineage>
	</dataqual>
	<spdoinfo>
		<direct Sync="TRUE">Vector</direct>
		<ptvctinf><esriterm Name="physio_Dissolve"><efeatyp Sync="TRUE">Simple</efeatyp><efeageom code="4" Sync="TRUE"></efeageom><esritopo Sync="TRUE">FALSE</esritopo><efeacnt Sync="TRUE">0</efeacnt><spindex Sync="TRUE">TRUE</spindex><linrefer Sync="TRUE">FALSE</linrefer></esriterm></ptvctinf></spdoinfo>
	<spref>
		<horizsys>
			<planar>
				<planci>
					<plance Sync="TRUE">coordinate pair</plance>
					<coordrep>
						<absres Sync="TRUE">0.002148</absres>
						<ordres Sync="TRUE">0.002148</ordres>
					</coordrep>
					<plandu Sync="TRUE">meters</plandu>
				</planci>
			</planar>
			<geodetic>
				<horizdn Sync="TRUE">North American Datum of 1983</horizdn>
				<ellips Sync="TRUE">Geodetic Reference System 80</ellips>
				<semiaxis Sync="TRUE">6378137.000000</semiaxis>
				<denflat Sync="TRUE">298.257222</denflat>
			</geodetic>
			<cordsysn><geogcsn Sync="TRUE">GCS_North_American_1983</geogcsn><projcsn Sync="TRUE">NAD_1983_Albers</projcsn></cordsysn></horizsys>
	</spref>
	<eainfo>
		<overview>
			<eaover>&gt;DATAFILE NAME: PHYSIO.PAT
&gt;9 ITEMS: STARTING IN POSITION    1
&gt;COL  ITEM NAME         WDTH OPUT TYP N.DEC  ALTERNATE NAME
&gt;  1  AREA                4   12  F    3
&gt;  5  PERIMETER           4   12  F    3
&gt;  9  PHYSIO#             4    4  B    -
&gt; 13  PHYSIO-ID           4    5  B    -
&gt; 17  FCODE               3    5  I    -
&gt; 20  FENCODE             4    5  C    -
&gt; 24  DIVISION           23   23  C    -
&gt; 47  PROVINCE           24   24  C    -
&gt; 71  SECTION            29   29  C    -
&gt;100  PROVCODE            3    3  I    -

FCODE -    Numeric code for physiographic section.  Values 1-243.

FENCODE -  Fenneman's code (number+alpha) for physiographic section

DIVISION - Name of major physiographic division

PROVINCE - Name of physiographic province

SECTION -  Name of physiographic section (see note below)

PROVCODE - Numeric code for physiographic province. Values 1, 3-25.

INFO file PHYSIO.PROVCODE contains numeric codes for provinces:

&gt;PROVINCE                 PROVCODE
&gt;------------------------ --------
&gt;SUPERIOR UPLAND            1
&gt;COASTAL PLAIN              3
&gt;PIEDMONT                   4
&gt;BLUE RIDGE                 5
&gt;VALLEY AND RIDGE           6
&gt;ST. LAWRENCE VALLEY        7
&gt;APPALACHIAN PLATEAUS       8
&gt;NEW ENGLAND                9
&gt;ADIRONDACK                10
&gt;INTERIOR LOW PLATEAUS     11
&gt;CENTRAL LOWLAND           12
&gt;GREAT PLAINS              13
&gt;OZARK PLATEAUS            14
&gt;OUACHITA                  15
&gt;SOUTHERN ROCKY MOUNTAINS  16
&gt;WYOMING BASIN             17
&gt;MIDDLE ROCKY MOUNTAINS    18
&gt;NORTHERN ROCKY MOUNTAINS  19
&gt;COLUMBIA PLATEAU          20
&gt;COLORADO PLATEAUS         21
&gt;BASIN AND RANGE           22
&gt;CASCADE-SIERRA MOUNTAINS  23
&gt;PACIFIC BORDER            24
&gt;LOWER CALIFORNIAN         25

Because there are no defined physiographic section
classifications for the Northern Rockies, Middle Rockies,
Southern Rockies, Wyoming Basin, Superior Upland, Lower
Californian and Adirondack Provinces, the SECTION field in the
polygon attribute table is empty for these physiographic
provinces.

&gt;FEN-   DIVISION                 PROVINCE                  SECTION
&gt;CODE
&gt;1      LAURENTIAN UPLAND        SUPERIOR UPLAND           -
&gt;3a     ATLANTIC PLAIN           COASTAL PLAIN             EMBAYED
&gt;3b     ATLANTIC PLAIN           COASTAL PLAIN             SEA ISLAND
&gt;3c     ATLANTIC PLAIN           COASTAL PLAIN             FLORIDIAN
&gt;3d     ATLANTIC PLAIN           COASTAL PLAIN             EAST GULF COASTAL PLAIN
&gt;3e     ATLANTIC PLAIN           COASTAL PLAIN             MISSISSIPPI ALLUVIAL PLAIN
&gt;3f     ATLANTIC PLAIN           COASTAL PLAIN             WEST GULF COASTAL PLAIN
&gt;4a     APPALACHIAN HIGHLANDS    PIEDMONT                  PIEDMONT UPLAND
&gt;4b     APPALACHIAN HIGHLANDS    PIEDMONT                  PIEDMONT LOWLANDS
&gt;5a     APPALACHIAN HIGHLANDS    BLUE RIDGE                NORTHERN
&gt;5b     APPALACHIAN HIGHLANDS    BLUE RIDGE                SOUTHERN
&gt;6a     APPALACHIAN HIGHLANDS    VALLEY AND RIDGE          TENNESSEE
&gt;6b     APPALACHIAN HIGHLANDS    VALLEY AND RIDGE          MIDDLE
&gt;6c     APPALACHIAN HIGHLANDS    VALLEY AND RIDGE          HUDSON VALLEY
&gt;7a     APPALACHIAN HIGHLANDS    ST. LAWRENCE VALLEY       CHAMPLAIN
&gt;8a     APPALACHIAN HIGHLANDS    APPALACHIAN PLATEAUS      MOHAWK
&gt;8b     APPALACHIAN HIGHLANDS    APPALACHIAN PLATEAUS      CATSKILL
&gt;8c     APPALACHIAN HIGHLANDS    APPALACHIAN PLATEAUS      SOUTHERN NEW YORK
&gt;8d     APPALACHIAN HIGHLANDS    APPALACHIAN PLATEAUS      ALLEGHENY MOUNTAIN
&gt;8e     APPALACHIAN HIGHLANDS    APPALACHIAN PLATEAUS      KANAWHA
&gt;8f     APPALACHIAN HIGHLANDS    APPALACHIAN PLATEAUS      CUMBERLAND PLATEAU
&gt;8g     APPALACHIAN HIGHLANDS    APPALACHIAN PLATEAUS      CUMBERLAND MOUNTAIN
&gt;9a     APPALACHIAN HIGHLANDS    NEW ENGLAND               SEABOARD LOWLAND
&gt;9b     APPALACHIAN HIGHLANDS    NEW ENGLAND               NEW ENGLAND UPLAND
&gt;9c     APPALACHIAN HIGHLANDS    NEW ENGLAND               WHITE MOUNTAIN
&gt;9d     APPALACHIAN HIGHLANDS    NEW ENGLAND               GREEN MOUNTAIN
&gt;9e     APPALACHIAN HIGHLANDS    NEW ENGLAND               TACONIC
&gt;10     APPALACHIAN HIGHLANDS    ADIRONDACK                -
&gt;11a    INTERIOR PLAINS          INTERIOR LOW PLATEAUS     HIGHLAND RIM
&gt;11b    INTERIOR PLAINS          INTERIOR LOW PLATEAUS     LEXINGTON PLAIN
&gt;11c    INTERIOR PLAINS          INTERIOR LOW PLATEAUS     NASHVILLE BASIN
&gt;12a    INTERIOR PLAINS          CENTRAL LOWLAND           EASTERN LAKE
&gt;12b    INTERIOR PLAINS          CENTRAL LOWLAND           WESTERN LAKE
&gt;12c    INTERIOR PLAINS          CENTRAL LOWLAND           WISCONSIN DRIFTLESS
&gt;12d    INTERIOR PLAINS          CENTRAL LOWLAND           TILL PLAINS
&gt;12e    INTERIOR PLAINS          CENTRAL LOWLAND           DISSECTED TILL PLAINS
&gt;12f    INTERIOR PLAINS          CENTRAL LOWLAND           OSAGE PLAINS
&gt;13k    INTERIOR PLAINS          GREAT PLAINS              CENTRAL TEXAS
&gt;13a    INTERIOR PLAINS          GREAT PLAINS              MISSOURI PLATEAU, GLACIATED
&gt;13b    INTERIOR PLAINS          GREAT PLAINS              MISSOURI PLATEAU, UNGLACIAT
&gt;13c    INTERIOR PLAINS          GREAT PLAINS              BLACK HILLS
&gt;13d    INTERIOR PLAINS          GREAT PLAINS              HIGH PLAINS
&gt;13e    INTERIOR PLAINS          GREAT PLAINS              PLAINS BORDER
&gt;13f    INTERIOR PLAINS          GREAT PLAINS              COLORADO PIEDMONT
&gt;13g    INTERIOR PLAINS          GREAT PLAINS              RATON
&gt;13h    INTERIOR PLAINS          GREAT PLAINS              PECOS VALLEY
&gt;13i    INTERIOR PLAINS          GREAT PLAINS              EDWARDS PLATEAU
&gt;14a    INTERIOR HIGHLANDS       OZARK PLATEAUS            SPRINGFIELD-SALEM PLATEAUS
&gt;14b    INTERIOR HIGHLANDS       OZARK PLATEAUS            BOSTON "MOUNTAINS"
&gt;15a    INTERIOR HIGHLANDS       OUACHITA                  ARKANSAS VALLEY
&gt;15b    INTERIOR HIGHLANDS       OUACHITA                  OUACHITA MOUNTAINS
&gt;16     ROCKY MOUNTAIN SYSTEM    SOUTHERN ROCKY MOUNTAINS  -
&gt;17     ROCKY MOUNTAIN SYSTEM    WYOMING BASIN             -
&gt;18     ROCKY MOUNTAIN SYSTEM    MIDDLE ROCKY MOUNTAINS    -
&gt;19     ROCKY MOUNTAIN SYSTEM    NORTHERN ROCKY MOUNTAINS  -
&gt;20a    INTERMONTANE PLATEAUS    COLUMBIA PLATEAU          WALLA WALLA PLATEAU
&gt;20b    INTERMONTANE PLATEAUS    COLUMBIA PLATEAU          BLUE MOUNTAIN
&gt;20c    INTERMONTANE PLATEAUS    COLUMBIA PLATEAU          PAYETTE
&gt;20d    INTERMONTANE PLATEAUS    COLUMBIA PLATEAU          SNAKE RIVER PLAIN
&gt;20e    INTERMONTANE PLATEAUS    COLUMBIA PLATEAU          HARNEY
&gt;21a    INTERMONTANE PLATEAUS    COLORADO PLATEAUS         HIGH PLATEAUS OF UTAH
&gt;21b    INTERMONTANE PLATEAUS    COLORADO PLATEAUS         UINTA BASIN
&gt;21c    INTERMONTANE PLATEAUS    COLORADO PLATEAUS         CANYON LANDS
&gt;21d    INTERMONTANE PLATEAUS    COLORADO PLATEAUS         NAVAJO
&gt;21e    INTERMONTANE PLATEAUS    COLORADO PLATEAUS         GRAND CANYON
&gt;21f    INTERMONTANE PLATEAUS    COLORADO PLATEAUS         DATIL
&gt;22a    INTERMONTANE PLATEAUS    BASIN AND RANGE           GREAT BASIN
&gt;22b    INTERMONTANE PLATEAUS    BASIN AND RANGE           SONORAN DESERT
&gt;22c    INTERMONTANE PLATEAUS    BASIN AND RANGE           SALTON TROUGH
&gt;22d    INTERMONTANE PLATEAUS    BASIN AND RANGE           MEXICAN HIGHLAND
&gt;22e    INTERMONTANE PLATEAUS    BASIN AND RANGE           SACRAMENTO
&gt;23a    PACIFIC MOUNTAIN SYSTEM  CASCADE-SIERRA MOUNTAINS  NORTHERN CASCADE MOUNTAINS
&gt;23b    PACIFIC MOUNTAIN SYSTEM  CASCADE-SIERRA MOUNTAINS  MIDDLE CASCADE MOUNTAINS
&gt;23c    PACIFIC MOUNTAIN SYSTEM  CASCADE-SIERRA MOUNTAINS  SOUTHERN CASCADE MOUNTAINS
&gt;23d    PACIFIC MOUNTAIN SYSTEM  CASCADE-SIERRA MOUNTAINS  SIERRA NEVADA
&gt;24a    PACIFIC MOUNTAIN SYSTEM  PACIFIC BORDER            PUGET TROUGH
&gt;24b    PACIFIC MOUNTAIN SYSTEM  PACIFIC BORDER            OLYMPIC MOUNTAINS
&gt;24c    PACIFIC MOUNTAIN SYSTEM  PACIFIC BORDER            OREGON COAST RANGE
&gt;24d    PACIFIC MOUNTAIN SYSTEM  PACIFIC BORDER            KLAMATH MOUNTAINS
&gt;24e    PACIFIC MOUNTAIN SYSTEM  PACIFIC BORDER            CALIFORNIA TROUGH
&gt;24f    PACIFIC MOUNTAIN SYSTEM  PACIFIC BORDER            CALIFORNIA COAST RANGES
&gt;24g    PACIFIC MOUNTAIN SYSTEM  PACIFIC BORDER            LOS ANGELES RANGES
&gt;25     PACIFIC MOUNTAIN SYSTEM  LOWER CALIFORNIAN         -
			</eaover>
			<eadetcit>None.</eadetcit>
		</overview>
		<detailed Name="physio_Dissolve"><enttyp><enttypl Sync="TRUE">physio_Dissolve</enttypl><enttypt Sync="TRUE">Feature Class</enttypt><enttypc Sync="TRUE">0</enttypc></enttyp><attr><attrlabl Sync="TRUE">OBJECTID</attrlabl><attalias Sync="TRUE">OBJECTID</attalias><attrtype Sync="TRUE">OID</attrtype><attwidth Sync="TRUE">4</attwidth><atprecis Sync="TRUE">0</atprecis><attscale Sync="TRUE">0</attscale><attrdef Sync="TRUE">Internal feature number.</attrdef><attrdefs Sync="TRUE">Esri</attrdefs><attrdomv><udom Sync="TRUE">Sequential unique whole numbers that are automatically generated.</udom></attrdomv></attr><attr><attrlabl Sync="TRUE">Shape</attrlabl><attalias Sync="TRUE">Shape</attalias><attrtype Sync="TRUE">Geometry</attrtype><attwidth Sync="TRUE">0</attwidth><atprecis Sync="TRUE">0</atprecis><attscale Sync="TRUE">0</attscale><attrdef Sync="TRUE">Feature geometry.</attrdef><attrdefs Sync="TRUE">ESRI</attrdefs><attrdomv><udom Sync="TRUE">Coordinates defining the features.</udom></attrdomv></attr><attr><attrlabl Sync="TRUE">PROVINCE</attrlabl><attwidth Sync="TRUE">24</attwidth><atoutwid Sync="TRUE">24</atoutwid><attrtype Sync="TRUE">String</attrtype><attalias Sync="TRUE">PROVINCE</attalias><atprecis Sync="TRUE">0</atprecis><attscale Sync="TRUE">0</attscale></attr><attr><attrlabl Sync="TRUE">Shape_Length</attrlabl><attalias Sync="TRUE">Shape_Length</attalias><attrtype Sync="TRUE">Double</attrtype><attwidth Sync="TRUE">8</attwidth><atprecis Sync="TRUE">0</atprecis><attscale Sync="TRUE">0</attscale><attrdef Sync="TRUE">Length of feature in internal units.</attrdef><attrdefs Sync="TRUE">Esri</attrdefs><attrdomv><udom Sync="TRUE">Positive real numbers that are automatically generated.</udom></attrdomv></attr><attr><attrlabl Sync="TRUE">Shape_Area</attrlabl><attalias Sync="TRUE">Shape_Area</attalias><attrtype Sync="TRUE">Double</attrtype><attwidth Sync="TRUE">8</attwidth><atprecis Sync="TRUE">0</atprecis><attscale Sync="TRUE">0</attscale><attrdef Sync="TRUE">Area of feature in internal units squared.</attrdef><attrdefs Sync="TRUE">Esri</attrdefs><attrdomv><udom Sync="TRUE">Positive real numbers that are automatically generated.</udom></attrdomv></attr></detailed></eainfo>
	<distinfo>
		<distrib>
			<cntinfo>
				<cntorgp>
					<cntorg>U.S. Geological Survey</cntorg>
				</cntorgp>
				<cntpos>Ask USGS - Water Webserver Team</cntpos>
				<cntaddr>
					<addrtype>mailing</addrtype>
					<address>507 National Center</address>
					<city>Reston</city>
					<state>VA</state>
					<postal>20192</postal>
				</cntaddr>
				<cntvoice>1-888-275-8747 (1-888-ASK-USGS)</cntvoice>
				<cntemail>http://answers.usgs.gov/cgi-bin/gsanswers?pemail=h2oteam&amp;subject=GIS+Dataset+physio</cntemail>
			</cntinfo>
		</distrib>
		<distliab>Although this data set has been used by the U.S. Geological
Survey, U.S. Department of the Interior, no warranty expressed or
implied is made by the U.S. Geological Survey as to the accuracy
of the data and related materials. The act of distribution shall not 
constitute any such warranty, and no responsibility is assumed by 
the U.S. Geological Survey in the use of this data, software, or 
related materials.

Any use of trade, product, or firm names is for descriptive
purposes only and does not imply endorsement by the U.S.
Government.</distliab>
		<stdorder>
			<digform>
				<digtinfo>
					<formname>Export</formname>
					<formcont>Full coverage</formcont>
					<filedec>zipped</filedec>
					<transize Sync="TRUE">0.373</transize>
					<dssize Sync="TRUE">0.373</dssize></digtinfo>
				<digtopt>
					<onlinopt>
						<computer>
							<networka>
								<networkr>http://water.usgs.gov/GIS/dsdl/physio.e00.gz</networkr>
							</networka>
						</computer>
					</onlinopt>
				</digtopt>
			</digform>
			<digform>
				<digtinfo>
					<formname>Other</formname>
					<formcont>SHAPE file</formcont>
					<filedec>zipped</filedec>
					<transize Sync="TRUE">0.373</transize>
					<dssize Sync="TRUE">0.373</dssize></digtinfo>
				<digtopt>
					<onlinopt>
						<computer>
							<networka>
								<networkr>http://water.usgs.gov/GIS/dsdl/physio.gz</networkr>
							</networka>
						</computer>
					</onlinopt>
				</digtopt>
			</digform>
			<fees>None. This dataset is provided by USGS as a public service.</fees>
		</stdorder>
		<resdesc Sync="TRUE">Downloadable Data</resdesc></distinfo>
	<metainfo>
		<metd Sync="TRUE">20070702</metd>
		<metc>
			<cntinfo>
				<cntorgp>
					<cntorg>U.S. Geological Survey</cntorg>
					<cntper>REQUIRED: The person responsible for the metadata information.</cntper></cntorgp>
				<cntpos>Ask USGS -- Water Webserver Team</cntpos>
				<cntaddr>
					<addrtype>mailing</addrtype>
					<address>507 National Center</address>
					<city>Reston</city>
					<state>VA</state>
					<postal>20192</postal>
				</cntaddr>
				<cntvoice>1-888-275-8747 (1-888-ASK-USGS)</cntvoice>
				<cntemail>http://answers.usgs.gov/cgi-bin/gsanswers?pemail=h2oteam&amp;subject=GIS+Dataset+physio</cntemail>
			</cntinfo>
		</metc>
		<metstdn Sync="TRUE">FGDC Content Standards for Digital Geospatial Metadata</metstdn>
		<metstdv Sync="TRUE">FGDC-STD-001-1998</metstdv>
		<langmeta Sync="TRUE">en</langmeta><mettc Sync="TRUE">local time</mettc></metainfo>
	<Esri><CreaDate>20150827</CreaDate><CreaTime>17080900</CreaTime><SyncOnce>FALSE</SyncOnce><SyncDate>20150827</SyncDate><SyncTime>16420700</SyncTime><ModDate>20150827</ModDate><ModTime>16420700</ModTime><ArcGISFormat>1.0</ArcGISFormat><ArcGISstyle>FGDC CSDGM Metadata</ArcGISstyle><DataProperties><itemProps><itemName Sync="TRUE">physio_Dissolve</itemName><imsContentType Sync="TRUE">002</imsContentType><itemLocation><linkage Sync="TRUE">file://\\NS-A311-SS435\C$\Users\ss435\Documents\ArcGIS\Default.gdb</linkage><protocol Sync="TRUE">Local Area Network</protocol></itemLocation></itemProps><coordRef><type Sync="TRUE">Projected</type><geogcsn Sync="TRUE">GCS_North_American_1983</geogcsn><csUnits Sync="TRUE">Linear Unit: Meter (1.000000)</csUnits><projcsn Sync="TRUE">NAD_1983_Albers</projcsn><peXml Sync="TRUE">&lt;ProjectedCoordinateSystem xsi:type='typens:ProjectedCoordinateSystem' xmlns:xsi='http://www.w3.org/2001/XMLSchema-instance' xmlns:xs='http://www.w3.org/2001/XMLSchema' xmlns:typens='http://www.esri.com/schemas/ArcGIS/10.1'&gt;&lt;WKT&gt;PROJCS[&amp;quot;NAD_1983_Albers&amp;quot;,GEOGCS[&amp;quot;GCS_North_American_1983&amp;quot;,DATUM[&amp;quot;D_North_American_1983&amp;quot;,SPHEROID[&amp;quot;GRS_1980&amp;quot;,6378137.0,298.257222101]],PRIMEM[&amp;quot;Greenwich&amp;quot;,0.0],UNIT[&amp;quot;Degree&amp;quot;,0.0174532925199433]],PROJECTION[&amp;quot;Albers&amp;quot;],PARAMETER[&amp;quot;False_Easting&amp;quot;,0.0],PARAMETER[&amp;quot;False_Northing&amp;quot;,0.0],PARAMETER[&amp;quot;Central_Meridian&amp;quot;,-96.0],PARAMETER[&amp;quot;Standard_Parallel_1&amp;quot;,29.5],PARAMETER[&amp;quot;Standard_Parallel_2&amp;quot;,45.5],PARAMETER[&amp;quot;Latitude_Of_Origin&amp;quot;,23.0],UNIT[&amp;quot;Meter&amp;quot;,1.0]]&lt;/WKT&gt;&lt;XOrigin&gt;-16901100&lt;/XOrigin&gt;&lt;YOrigin&gt;-6972200&lt;/YOrigin&gt;&lt;XYScale&gt;10000&lt;/XYScale&gt;&lt;ZOrigin&gt;-100000&lt;/ZOrigin&gt;&lt;ZScale&gt;10000&lt;/ZScale&gt;&lt;MOrigin&gt;-100000&lt;/MOrigin&gt;&lt;MScale&gt;10000&lt;/MScale&gt;&lt;XYTolerance&gt;0.001&lt;/XYTolerance&gt;&lt;ZTolerance&gt;0.001&lt;/ZTolerance&gt;&lt;MTolerance&gt;0.001&lt;/MTolerance&gt;&lt;HighPrecision&gt;true&lt;/HighPrecision&gt;&lt;/ProjectedCoordinateSystem&gt;</peXml></coordRef></DataProperties></Esri><dataIdInfo><envirDesc Sync="TRUE">Microsoft Windows 7 Version 6.1 (Build 7601) Service Pack 1; Esri ArcGIS 10.2.2.3552</envirDesc><dataLang><languageCode Sync="TRUE" value="eng"></languageCode><countryCode value="USA" Sync="TRUE"></countryCode></dataLang><idCitation><resTitle Sync="TRUE">physio_Dissolve</resTitle><presForm><PresFormCd Sync="TRUE" value="005"></PresFormCd></presForm></idCitation><spatRpType><SpatRepTypCd Sync="TRUE" value="001"></SpatRepTypCd></spatRpType><dataExt><geoEle><GeoBndBox esriExtentType="native"><westBL Sync="TRUE">-2354935.5</westBL><eastBL Sync="TRUE">2257439</eastBL><northBL Sync="TRUE">3172231.5</northBL><southBL Sync="TRUE">272646.53125</southBL><exTypeCode Sync="TRUE">1</exTypeCode></GeoBndBox></geoEle></dataExt><geoBox esriExtentType="decdegrees"><westBL Sync="TRUE">-127.871038</westBL><eastBL Sync="TRUE">-65.357158</eastBL><northBL Sync="TRUE">51.601682</northBL><southBL Sync="TRUE">22.90463</southBL><exTypeCode Sync="TRUE">1</exTypeCode></geoBox></dataIdInfo><mdLang><languageCode Sync="TRUE" value="eng"></languageCode><countryCode value="USA" Sync="TRUE"></countryCode></mdLang><mdStanName Sync="TRUE">ISO 19115 Geographic Information - Metadata</mdStanName><mdStanVer Sync="TRUE">DIS_ESRI1.0</mdStanVer><mdChar><CharSetCd Sync="TRUE" value="004"></CharSetCd></mdChar><mdHrLv><ScopeCd Sync="TRUE" value="005"></ScopeCd></mdHrLv><mdHrLvName Sync="TRUE">dataset</mdHrLvName><distInfo><distributor><distorTran><onLineSrc><orDesc Sync="TRUE">002</orDesc><linkage Sync="TRUE">file://\\Igsacnewgs11\GISDATA1\physiography\physio</linkage><protocol Sync="TRUE">Local Area Network</protocol></onLineSrc><transSize Sync="TRUE">0.373</transSize></distorTran><distorFormat><formatName Sync="TRUE">ArcInfo Coverage</formatName></distorFormat></distributor><distFormat><formatName Sync="TRUE">File Geodatabase Feature Class</formatName></distFormat></distInfo><refSysInfo><RefSystem><refSysID><identCode Sync="TRUE" code="0">NAD_1983_Albers</identCode></refSysID></RefSystem></refSysInfo><spatRepInfo><VectSpatRep><geometObjs Name="physio_Dissolve"><geoObjTyp><GeoObjTypCd value="002" Sync="TRUE"></GeoObjTypCd></geoObjTyp><geoObjCnt Sync="TRUE">0</geoObjCnt></geometObjs><topLvl><TopoLevCd value="001" Sync="TRUE"></TopoLevCd></topLvl></VectSpatRep></spatRepInfo><mdDateSt Sync="TRUE">20150827</mdDateSt></metadata>
